[{"created":"20200427215400270","text":".tc-sidebar-lists button.tc-btn-mini { \n   color: rgb(179,179,179);\n}\n\n\n\n.trans-container {\n  position: relative;\n  display: inline-block;\n}\n\n.tooltip {\n  position: relative;\n  display: inline-block;\n}\n\n.trans-container .trans-content {\n  visibility: hidden;\n  overflow: hidden;\n  margin-top: -2em;\n  padding: 5px;\n  display: block;\n  \n  /* Position the tooltip */\n  position: absolute;\n  z-index: 80;\n  \n  /*  \n  top: 20px;\n  left: 20px;  */\n\n  float: right;  \n  opacity: 0;\n  transition: opacity 0.3s; \n}\n\n.tooltip .tooltiptext {\n  visibility: hidden;\n  overflow: hidden;\n  margin-top: -2em;\n  padding: 5px;\n  display: block;\n  \n  /* Position the tooltip */\n  position: absolute;\n  z-index: 80;\n  \n  /*  \n  top: 20px;\n  left: 20px;  */\n\n  float: right;  \n  opacity: 0;\n  transition: opacity 0.3s; \n}\n\n.trans-container .trans-content::after {\n  position: relative;\n  overflow: hidden;\n  margin: 0;\n  padding: 0;\n  border: 1px;\n}\n\n.trans-content {\n   width: 90vw;\n   max-width: 32em;\n}\n\n.tooltip .tooltiptext::after {\n  position: relative;\n  overflow: hidden;\n  margin: 0;\n  padding: 0;\n  border: 1px;\n}\n\n\n.trans-container:hover > .trans-content {\n  margin-top:-5px;\n  visibility: visible;\n  opacity: 1;\n  transition: 0.25s all ease;\n  transition-delay: 0.75s;\n}\n\n.tooltip:hover > .tooltiptext {\n  margin-top:-5px;\n  visibility: visible;\n  opacity: 1;\n  width: 100vw;\n  max-width: 32em;\n  height: 100vw;\n  max-height: 32em;\n  transition: 0.25s all ease;\n  transition-delay: 0.75s;\n}\n\n.resp-iframe {\n    position: relative;\n    top: 0;\n    left: 0;\n    width: 100%;\n    height: 100%;\n    border: 1px;\n}\n","bag":"default","revision":"30","type":"text/css","title":"$:/ak/drift/ui/transclude.css","tags":"$:/tags/Stylesheet","modified":"20200505094034773"}]