[{"text":"<$checkbox tiddler=\"$:/ak/drift/TweaksDB\" index=\"showulil\" checked=\"true\" unchecked=\"false\" default=\"false\"> Show Bullets & Numbers</$checkbox>\n\n<$checkbox tiddler=\"$:/ak/drift/TweaksDB\" index=\"wrapulil\" checked=\"true\" unchecked=\"false\" default=\"false\"> Check this box if you use long bullet or numbered lists </$checkbox>","bag":"default","revision":"1","type":"text/vnd.tiddlywiki","title":"$:/ak/drift/TweaksPanel","tags":"$:/tags/ControlPanel/Appearance","modified":"20200505072113709","created":"20200504132533468","caption":"Drift Tweaks"}]