[{"text":"{\n    \"grid-sticky-header-background\": \"<<colour page-background>>\",\n    \"grid-item-background\": \"<<colour background>>\",\n    \"grid-item-border\": \"<<colour tiddler-border>>\",\n    \"header-background\": \"<<colour page-background>>\",\n    \"header-position-mobile-no-searchbar\": \"calc(2px + 2.25em)\",\n    \"header-position-mobile-yes-searchbar\": \"calc(4px + 3em + 6px + {{$:/themes/tiddlywiki/vanilla/metrics/fontsize}} + .25em)\",\n    \"header-position-desktop\": \"calc(56px + .25em)\",\n    \"day-palette\": \"$:/themes/jd/Mono/Palette/SpartanDay\",\n    \"night-palette\": \"$:/palettes/Twilight\",\n    \"button-fontscroller\": \"hide\"\n}","bag":"default","revision":"0","type":"application/json","title":"$:/themes/jd/Mono/Database","tags":"","modifier":"jd","modified":"20200504101844569","list":"$:/core/ui/Buttons/new-tiddler $:/core/ui/Buttons/control-panel $:/core/ui/Buttons/save-wiki $:/core/ui/Buttons/new-journal $:/themes/jd/Mono/Buttons/switch-palette $:/core/ui/TopBar/menu","creator":"jd","created":"20190202114537700"}]